length_scale,process_noise,lml
0.5,0.01,-2.12962e+06
0.5,0.025102,-915119
0.5,0.0402041,-585055
0.5,0.0553061,-430816
0.5,0.0704082,-341399
0.5,0.0855102,-283034
0.5,0.100612,-241936
0.5,0.115714,-211424
0.5,0.130816,-187882
0.5,0.145918,-169169
0.5,0.16102,-153940
0.5,0.176122,-141303
0.5,0.191224,-130659
0.5,0.206327,-121553
0.5,0.221429,-113693
0.5,0.236531,-106826
0.5,0.251633,-100782
0.5,0.266735,-95424.9
0.5,0.281837,-90641
0.5,0.296939,-86344.1
0.5,0.312041,-82463.2
0.5,0.327143,-78942.6
0.5,0.342245,-75736
0.5,0.357347,-72798.6
0.5,0.372449,-70102.7
0.5,0.387551,-67611.6
0.5,0.402653,-65311.9
0.5,0.417755,-63176.1
0.5,0.432857,-61201.1
0.5,0.447959,-59351.6
0.5,0.463061,-57618.4
0.5,0.478163,-56005.7
0.5,0.493265,-54492.3
0.5,0.508367,-53066.1
0.5,0.523469,-51719.9
0.5,0.538571,-50457.2
0.5,0.553673,-49252.7
0.5,0.568776,-48121.1
0.5,0.583878,-47051.4
0.5,0.59898,-46036.6
0.5,0.614082,-45058.5
0.5,0.629184,-44142.2
0.5,0.644286,-43269.2
0.5,0.659388,-42429
0.5,0.67449,-41628.6
0.5,0.689592,-40869.8
0.5,0.704694,-40141
0.5,0.719796,-39450.2
0.5,0.734898,-38778.2
0.5,0.75,-38133.5
0.693878,0.01,-1.28013e+06
0.693878,0.025102,-541471
0.693878,0.0402041,-345932
0.693878,0.0553061,-255183
0.693878,0.0704082,-202729
0.693878,0.0855102,-168507
0.693878,0.100612,-144418
0.693878,0.115714,-126543
0.693878,0.130816,-112742
0.693878,0.145918,-101772
0.693878,0.16102,-92829.9
0.693878,0.176122,-85404.3
0.693878,0.191224,-79149.8
0.693878,0.206327,-73796.3
0.693878,0.221429,-69166.3
0.693878,0.236531,-65138.6
0.693878,0.251633,-61569.1
0.693878,0.266735,-58415.3
0.693878,0.281837,-55591.2
0.693878,0.296939,-53059.4
0.693878,0.312041,-50770.1
0.693878,0.327143,-48681.4
0.693878,0.342245,-46784.4
0.693878,0.357347,-45060.5
0.693878,0.372449,-43458.6
0.693878,0.387551,-41980.8
0.693878,0.402653,-40624.8
0.693878,0.417755,-39365.7
0.693878,0.432857,-38181.8
0.693878,0.447959,-37090.4
0.693878,0.463061,-36072.9
0.693878,0.478163,-35114.2
0.693878,0.493265,-34215.5
0.693878,0.508367,-33361.5
0.693878,0.523469,-32569
0.693878,0.538571,-31812.7
0.693878,0.553673,-31111.7
0.693878,0.568776,-30436.8
0.693878,0.583878,-29801.4
0.693878,0.59898,-29197.5
0.693878,0.614082,-28623.5
0.693878,0.629184,-28069.1
0.693878,0.644286,-27554.7
0.693878,0.659388,-27062.1
0.693878,0.67449,-26592.3
0.693878,0.689592,-26138.1
0.693878,0.704694,-25707.9
0.693878,0.719796,-25298
0.693878,0.734898,-24911.1
0.693878,0.75,-24539.5
0.887755,0.01,-853244
0.887755,0.025102,-362861
0.887755,0.0402041,-234894
0.887755,0.0553061,-175725
0.887755,0.0704082,-141529
0.887755,0.0855102,-119249
0.887755,0.100612,-103522
0.887755,0.115714,-91851.9
0.887755,0.130816,-82830.8
0.887755,0.145918,-75624.5
0.887755,0.16102,-69781
0.887755,0.176122,-64885.5
0.887755,0.191224,-60772.7
0.887755,0.206327,-57249.1
0.887755,0.221429,-54191.2
0.887755,0.236531,-51540.3
0.887755,0.251633,-49169.5
0.887755,0.266735,-47105.8
0.887755,0.281837,-45248.1
0.887755,0.296939,-43592
0.887755,0.312041,-42047.7
0.887755,0.327143,-40692.8
0.887755,0.342245,-39459.1
0.887755,0.357347,-38320.5
0.887755,0.372449,-37299.5
0.887755,0.387551,-36313.1
0.887755,0.402653,-35470.4
0.887755,0.417755,-34660.8
0.887755,0.432857,-33908
0.887755,0.447959,-33277.9
0.887755,0.463061,-32620.3
0.887755,0.478163,-32113.2
0.887755,0.493265,-31724.2
0.887755,0.508367,-nan
0.887755,0.523469,-nan
0.887755,0.538571,-nan
0.887755,0.553673,-nan
0.887755,0.568776,-nan
0.887755,0.583878,-nan
0.887755,0.59898,-nan
0.887755,0.614082,-nan
0.887755,0.629184,-nan
0.887755,0.644286,-nan
0.887755,0.659388,-nan
0.887755,0.67449,-nan
0.887755,0.689592,-nan
0.887755,0.704694,-nan
0.887755,0.719796,-nan
0.887755,0.734898,-nan
0.887755,0.75,-nan
1.08163,0.01,-617566
1.08163,0.025102,-267730
1.08163,0.0402041,-177013
1.08163,0.0553061,-135077
1.08163,0.0704082,-110787
1.08163,0.0855102,-94935.1
1.08163,0.100612,-83755.2
1.08163,0.115714,-75420.6
1.08163,0.130816,-68972.6
1.08163,0.145918,-63840.1
1.08163,0.16102,-59681.7
1.08163,0.176122,-56203.2
1.08163,0.191224,-53288.3
1.08163,0.206327,-50801.3
1.08163,0.221429,-48645.6
1.08163,0.236531,-46815.2
1.08163,0.251633,-45190.7
1.08163,0.266735,-43823.2
1.08163,0.281837,-42613.1
1.08163,0.296939,-41575.3
1.08163,0.312041,-40664.7
1.08163,0.327143,-39947.7
1.08163,0.342245,-39428.9
1.08163,0.357347,-39230
1.08163,0.372449,-nan
1.08163,0.387551,-nan
1.08163,0.402653,-nan
1.08163,0.417755,-nan
1.08163,0.432857,-nan
1.08163,0.447959,-nan
1.08163,0.463061,-nan
1.08163,0.478163,-nan
1.08163,0.493265,-nan
1.08163,0.508367,-nan
1.08163,0.523469,-nan
1.08163,0.538571,-nan
1.08163,0.553673,-nan
1.08163,0.568776,-nan
1.08163,0.583878,-nan
1.08163,0.59898,-nan
1.08163,0.614082,-nan
1.08163,0.629184,-nan
1.08163,0.644286,-nan
1.08163,0.659388,-nan
1.08163,0.67449,-nan
1.08163,0.689592,-nan
1.08163,0.704694,-nan
1.08163,0.719796,-nan
1.08163,0.734898,-nan
1.08163,0.75,-nan
1.27551,0.01,-478157
1.27551,0.025102,-214509
1.27551,0.0402041,-146232
1.27551,0.0553061,-114636
1.27551,0.0704082,-96334.4
1.27551,0.0855102,-84401.4
1.27551,0.100612,-75966.6
1.27551,0.115714,-69788.7
1.27551,0.130816,-65028.9
1.27551,0.145918,-61319.9
1.27551,0.16102,-58376.5
1.27551,0.176122,-56048.5
1.27551,0.191224,-54240.3
1.27551,0.206327,-52831.4
1.27551,0.221429,-52006.2
1.27551,0.236531,-51864.4
1.27551,0.251633,-nan
1.27551,0.266735,-nan
1.27551,0.281837,-nan
1.27551,0.296939,-nan
1.27551,0.312041,-nan
1.27551,0.327143,-nan
1.27551,0.342245,-nan
1.27551,0.357347,-nan
1.27551,0.372449,-nan
1.27551,0.387551,-nan
1.27551,0.402653,-nan
1.27551,0.417755,-nan
1.27551,0.432857,-nan
1.27551,0.447959,-nan
1.27551,0.463061,-nan
1.27551,0.478163,-nan
1.27551,0.493265,-nan
1.27551,0.508367,-nan
1.27551,0.523469,-nan
1.27551,0.538571,-nan
1.27551,0.553673,-nan
1.27551,0.568776,-nan
1.27551,0.583878,-nan
1.27551,0.59898,-nan
1.27551,0.614082,-nan
1.27551,0.629184,-nan
1.27551,0.644286,-nan
1.27551,0.659388,-nan
1.27551,0.67449,-nan
1.27551,0.689592,-nan
1.27551,0.704694,-nan
1.27551,0.719796,-nan
1.27551,0.734898,-nan
1.27551,0.75,-nan
1.46939,0.01,-391827
1.46939,0.025102,-183932
1.46939,0.0402041,-129924
1.46939,0.0553061,-104738
1.46939,0.0704082,-90168.9
1.46939,0.0855102,-80680.3
1.46939,0.100612,-74031.1
1.46939,0.115714,-69265.8
1.46939,0.130816,-65687.1
1.46939,0.145918,-63090.9
1.46939,0.16102,-61304.8
1.46939,0.176122,-60238.2
1.46939,0.191224,-60004.6
1.46939,0.206327,-60787.3
1.46939,0.221429,-nan
1.46939,0.236531,-nan
1.46939,0.251633,-nan
1.46939,0.266735,-nan
1.46939,0.281837,-nan
1.46939,0.296939,-nan
1.46939,0.312041,-nan
1.46939,0.327143,-nan
1.46939,0.342245,-nan
1.46939,0.357347,-nan
1.46939,0.372449,-nan
1.46939,0.387551,-nan
1.46939,0.402653,-nan
1.46939,0.417755,-nan
1.46939,0.432857,-nan
1.46939,0.447959,-nan
1.46939,0.463061,-nan
1.46939,0.478163,-nan
1.46939,0.493265,-nan
1.46939,0.508367,-nan
1.46939,0.523469,-nan
1.46939,0.538571,-nan
1.46939,0.553673,-nan
1.46939,0.568776,-nan
1.46939,0.583878,-nan
1.46939,0.59898,-nan
1.46939,0.614082,-nan
1.46939,0.629184,-nan
1.46939,0.644286,-nan
1.46939,0.659388,-nan
1.46939,0.67449,-nan
1.46939,0.689592,-nan
1.46939,0.704694,-nan
1.46939,0.719796,-nan
1.46939,0.734898,-nan
1.46939,0.75,-nan
1.66327,0.01,-337249
1.66327,0.025102,-167767
1.66327,0.0402041,-123360
1.66327,0.0553061,-102711
1.66327,0.0704082,-90896.1
1.66327,0.0855102,-83327.4
1.66327,0.100612,-78377.2
1.66327,0.115714,-75134.4
1.66327,0.130816,-73357.5
1.66327,0.145918,-72774.5
1.66327,0.16102,-73834.2
1.66327,0.176122,-nan
1.66327,0.191224,-nan
1.66327,0.206327,-nan
1.66327,0.221429,-nan
1.66327,0.236531,-nan
1.66327,0.251633,-nan
1.66327,0.266735,-nan
1.66327,0.281837,-nan
1.66327,0.296939,-nan
1.66327,0.312041,-nan
1.66327,0.327143,-nan
1.66327,0.342245,-nan
1.66327,0.357347,-nan
1.66327,0.372449,-nan
1.66327,0.387551,-nan
1.66327,0.402653,-nan
1.66327,0.417755,-nan
1.66327,0.432857,-nan
1.66327,0.447959,-nan
1.66327,0.463061,-nan
1.66327,0.478163,-nan
1.66327,0.493265,-nan
1.66327,0.508367,-nan
1.66327,0.523469,-nan
1.66327,0.538571,-nan
1.66327,0.553673,-nan
1.66327,0.568776,-nan
1.66327,0.583878,-nan
1.66327,0.59898,-nan
1.66327,0.614082,-nan
1.66327,0.629184,-nan
1.66327,0.644286,-nan
1.66327,0.659388,-nan
1.66327,0.67449,-nan
1.66327,0.689592,-nan
1.66327,0.704694,-nan
1.66327,0.719796,-nan
1.66327,0.734898,-nan
1.66327,0.75,-nan
1.85714,0.01,-302255
1.85714,0.025102,-159865
1.85714,0.0402041,-122382
1.85714,0.0553061,-104961
1.85714,0.0704082,-95136.9
1.85714,0.0855102,-89177.9
1.85714,0.100612,-85595.3
1.85714,0.115714,-83975.7
1.85714,0.130816,-84172.8
1.85714,0.145918,-86595.2
1.85714,0.16102,-nan
1.85714,0.176122,-nan
1.85714,0.191224,-nan
1.85714,0.206327,-nan
1.85714,0.221429,-nan
1.85714,0.236531,-nan
1.85714,0.251633,-nan
1.85714,0.266735,-nan
1.85714,0.281837,-nan
1.85714,0.296939,-nan
1.85714,0.312041,-nan
1.85714,0.327143,-nan
1.85714,0.342245,-nan
1.85714,0.357347,-nan
1.85714,0.372449,-nan
1.85714,0.387551,-nan
1.85714,0.402653,-nan
1.85714,0.417755,-nan
1.85714,0.432857,-nan
1.85714,0.447959,-nan
1.85714,0.463061,-nan
1.85714,0.478163,-nan
1.85714,0.493265,-nan
1.85714,0.508367,-nan
1.85714,0.523469,-nan
1.85714,0.538571,-nan
1.85714,0.553673,-nan
1.85714,0.568776,-nan
1.85714,0.583878,-nan
1.85714,0.59898,-nan
1.85714,0.614082,-nan
1.85714,0.629184,-nan
1.85714,0.644286,-nan
1.85714,0.659388,-nan
1.85714,0.67449,-nan
1.85714,0.689592,-nan
1.85714,0.704694,-nan
1.85714,0.719796,-nan
1.85714,0.734898,-nan
1.85714,0.75,-nan
2.05102,0.01,-281310
2.05102,0.025102,-158264
2.05102,0.0402041,-125481
2.05102,0.0553061,-110259
2.05102,0.0704082,-102056
2.05102,0.0855102,-97520.5
2.05102,0.100612,-95743.1
2.05102,0.115714,-96467.8
2.05102,0.130816,-100863
2.05102,0.145918,-113095
2.05102,0.16102,-nan
2.05102,0.176122,-nan
2.05102,0.191224,-nan
2.05102,0.206327,-nan
2.05102,0.221429,-nan
2.05102,0.236531,-nan
2.05102,0.251633,-nan
2.05102,0.266735,-nan
2.05102,0.281837,-nan
2.05102,0.296939,-nan
2.05102,0.312041,-nan
2.05102,0.327143,-nan
2.05102,0.342245,-nan
2.05102,0.357347,-nan
2.05102,0.372449,-nan
2.05102,0.387551,-nan
2.05102,0.402653,-nan
2.05102,0.417755,-nan
2.05102,0.432857,-nan
2.05102,0.447959,-nan
2.05102,0.463061,-nan
2.05102,0.478163,-nan
2.05102,0.493265,-nan
2.05102,0.508367,-nan
2.05102,0.523469,-nan
2.05102,0.538571,-nan
2.05102,0.553673,-nan
2.05102,0.568776,-nan
2.05102,0.583878,-nan
2.05102,0.59898,-nan
2.05102,0.614082,-nan
2.05102,0.629184,-nan
2.05102,0.644286,-nan
2.05102,0.659388,-nan
2.05102,0.67449,-nan
2.05102,0.689592,-nan
2.05102,0.704694,-nan
2.05102,0.719796,-nan
2.05102,0.734898,-nan
2.05102,0.75,-nan
2.2449,0.01,-269690
2.2449,0.025102,-161585
2.2449,0.0402041,-132536
2.2449,0.0553061,-119632
2.2449,0.0704082,-113180
2.2449,0.0855102,-110796
2.2449,0.100612,-112516
2.2449,0.115714,-119815
2.2449,0.130816,-145943
2.2449,0.145918,-nan
2.2449,0.16102,-nan
2.2449,0.176122,-nan
2.2449,0.191224,-nan
2.2449,0.206327,-nan
2.2449,0.221429,-nan
2.2449,0.236531,-nan
2.2449,0.251633,-nan
2.2449,0.266735,-nan
2.2449,0.281837,-nan
2.2449,0.296939,-nan
2.2449,0.312041,-nan
2.2449,0.327143,-nan
2.2449,0.342245,-nan
2.2449,0.357347,-nan
2.2449,0.372449,-nan
2.2449,0.387551,-nan
2.2449,0.402653,-nan
2.2449,0.417755,-nan
2.2449,0.432857,-nan
2.2449,0.447959,-nan
2.2449,0.463061,-nan
2.2449,0.478163,-nan
2.2449,0.493265,-nan
2.2449,0.508367,-nan
2.2449,0.523469,-nan
2.2449,0.538571,-nan
2.2449,0.553673,-nan
2.2449,0.568776,-nan
2.2449,0.583878,-nan
2.2449,0.59898,-nan
2.2449,0.614082,-nan
2.2449,0.629184,-nan
2.2449,0.644286,-nan
2.2449,0.659388,-nan
2.2449,0.67449,-nan
2.2449,0.689592,-nan
2.2449,0.704694,-nan
2.2449,0.719796,-nan
2.2449,0.734898,-nan
2.2449,0.75,-nan
2.43878,0.01,-265078
2.43878,0.025102,-166881
2.43878,0.0402041,-140016
2.43878,0.0553061,-127643
2.43878,0.0704082,-121953
2.43878,0.0855102,-120138
2.43878,0.100612,-122796
2.43878,0.115714,-132413
2.43878,0.130816,-180785
2.43878,0.145918,-nan
2.43878,0.16102,-nan
2.43878,0.176122,-nan
2.43878,0.191224,-nan
2.43878,0.206327,-nan
2.43878,0.221429,-nan
2.43878,0.236531,-nan
2.43878,0.251633,-nan
2.43878,0.266735,-nan
2.43878,0.281837,-nan
2.43878,0.296939,-nan
2.43878,0.312041,-nan
2.43878,0.327143,-nan
2.43878,0.342245,-nan
2.43878,0.357347,-nan
2.43878,0.372449,-nan
2.43878,0.387551,-nan
2.43878,0.402653,-nan
2.43878,0.417755,-nan
2.43878,0.432857,-nan
2.43878,0.447959,-nan
2.43878,0.463061,-nan
2.43878,0.478163,-nan
2.43878,0.493265,-nan
2.43878,0.508367,-nan
2.43878,0.523469,-nan
2.43878,0.538571,-nan
2.43878,0.553673,-nan
2.43878,0.568776,-nan
2.43878,0.583878,-nan
2.43878,0.59898,-nan
2.43878,0.614082,-nan
2.43878,0.629184,-nan
2.43878,0.644286,-nan
2.43878,0.659388,-nan
2.43878,0.67449,-nan
2.43878,0.689592,-nan
2.43878,0.704694,-nan
2.43878,0.719796,-nan
2.43878,0.734898,-nan
2.43878,0.75,-nan
2.63265,0.01,-266967
2.63265,0.025102,-176122
2.63265,0.0402041,-150366
2.63265,0.0553061,-138776
2.63265,0.0704082,-133152
2.63265,0.0855102,-131867
2.63265,0.100612,-135205
2.63265,0.115714,-145645
2.63265,0.130816,-183086
2.63265,0.145918,-nan
2.63265,0.16102,-nan
2.63265,0.176122,-nan
2.63265,0.191224,-nan
2.63265,0.206327,-nan
2.63265,0.221429,-nan
2.63265,0.236531,-nan
2.63265,0.251633,-nan
2.63265,0.266735,-nan
2.63265,0.281837,-nan
2.63265,0.296939,-nan
2.63265,0.312041,-nan
2.63265,0.327143,-nan
2.63265,0.342245,-nan
2.63265,0.357347,-nan
2.63265,0.372449,-nan
2.63265,0.387551,-nan
2.63265,0.402653,-nan
2.63265,0.417755,-nan
2.63265,0.432857,-nan
2.63265,0.447959,-nan
2.63265,0.463061,-nan
2.63265,0.478163,-nan
2.63265,0.493265,-nan
2.63265,0.508367,-nan
2.63265,0.523469,-nan
2.63265,0.538571,-nan
2.63265,0.553673,-nan
2.63265,0.568776,-nan
2.63265,0.583878,-nan
2.63265,0.59898,-nan
2.63265,0.614082,-nan
2.63265,0.629184,-nan
2.63265,0.644286,-nan
2.63265,0.659388,-nan
2.63265,0.67449,-nan
2.63265,0.689592,-nan
2.63265,0.704694,-nan
2.63265,0.719796,-nan
2.63265,0.734898,-nan
2.63265,0.75,-nan
2.82653,0.01,-273221
2.82653,0.025102,-189005
2.82653,0.0402041,-164409
2.82653,0.0553061,-153492
2.82653,0.0704082,-148613
2.82653,0.0855102,-148339
2.82653,0.100612,-153389
2.82653,0.115714,-167940
2.82653,0.130816,-217092
2.82653,0.145918,-nan
2.82653,0.16102,-nan
2.82653,0.176122,-nan
2.82653,0.191224,-nan
2.82653,0.206327,-nan
2.82653,0.221429,-nan
2.82653,0.236531,-nan
2.82653,0.251633,-nan
2.82653,0.266735,-nan
2.82653,0.281837,-nan
2.82653,0.296939,-nan
2.82653,0.312041,-nan
2.82653,0.327143,-nan
2.82653,0.342245,-nan
2.82653,0.357347,-nan
2.82653,0.372449,-nan
2.82653,0.387551,-nan
2.82653,0.402653,-nan
2.82653,0.417755,-nan
2.82653,0.432857,-nan
2.82653,0.447959,-nan
2.82653,0.463061,-nan
2.82653,0.478163,-nan
2.82653,0.493265,-nan
2.82653,0.508367,-nan
2.82653,0.523469,-nan
2.82653,0.538571,-nan
2.82653,0.553673,-nan
2.82653,0.568776,-nan
2.82653,0.583878,-nan
2.82653,0.59898,-nan
2.82653,0.614082,-nan
2.82653,0.629184,-nan
2.82653,0.644286,-nan
2.82653,0.659388,-nan
2.82653,0.67449,-nan
2.82653,0.689592,-nan
2.82653,0.704694,-nan
2.82653,0.719796,-nan
2.82653,0.734898,-nan
2.82653,0.75,-nan
3.02041,0.01,-280086
3.02041,0.025102,-200540
3.02041,0.0402041,-176600
3.02041,0.0553061,-165337
3.02041,0.0704082,-159893
3.02041,0.0855102,-158499
3.02041,0.100612,-162051
3.02041,0.115714,-172213
3.02041,0.130816,-204485
3.02041,0.145918,-496270
3.02041,0.16102,-nan
3.02041,0.176122,-nan
3.02041,0.191224,-nan
3.02041,0.206327,-nan
3.02041,0.221429,-nan
3.02041,0.236531,-nan
3.02041,0.251633,-nan
3.02041,0.266735,-nan
3.02041,0.281837,-nan
3.02041,0.296939,-nan
3.02041,0.312041,-nan
3.02041,0.327143,-nan
3.02041,0.342245,-nan
3.02041,0.357347,-nan
3.02041,0.372449,-nan
3.02041,0.387551,-nan
3.02041,0.402653,-nan
3.02041,0.417755,-nan
3.02041,0.432857,-nan
3.02041,0.447959,-nan
3.02041,0.463061,-nan
3.02041,0.478163,-nan
3.02041,0.493265,-nan
3.02041,0.508367,-nan
3.02041,0.523469,-nan
3.02041,0.538571,-nan
3.02041,0.553673,-nan
3.02041,0.568776,-nan
3.02041,0.583878,-nan
3.02041,0.59898,-nan
3.02041,0.614082,-nan
3.02041,0.629184,-nan
3.02041,0.644286,-nan
3.02041,0.659388,-nan
3.02041,0.67449,-nan
3.02041,0.689592,-nan
3.02041,0.704694,-nan
3.02041,0.719796,-nan
3.02041,0.734898,-nan
3.02041,0.75,-nan
3.21429,0.01,-287911
3.21429,0.025102,-209988
3.21429,0.0402041,-185218
3.21429,0.0553061,-172792
3.21429,0.0704082,-166588
3.21429,0.0855102,-166646
3.21429,0.100612,-nan
3.21429,0.115714,-nan
3.21429,0.130816,-nan
3.21429,0.145918,-nan
3.21429,0.16102,-nan
3.21429,0.176122,-nan
3.21429,0.191224,-nan
3.21429,0.206327,-nan
3.21429,0.221429,-nan
3.21429,0.236531,-nan
3.21429,0.251633,-nan
3.21429,0.266735,-nan
3.21429,0.281837,-nan
3.21429,0.296939,-nan
3.21429,0.312041,-nan
3.21429,0.327143,-nan
3.21429,0.342245,-nan
3.21429,0.357347,-nan
3.21429,0.372449,-nan
3.21429,0.387551,-nan
3.21429,0.402653,-nan
3.21429,0.417755,-nan
3.21429,0.432857,-nan
3.21429,0.447959,-nan
3.21429,0.463061,-nan
3.21429,0.478163,-nan
3.21429,0.493265,-nan
3.21429,0.508367,-nan
3.21429,0.523469,-nan
3.21429,0.538571,-nan
3.21429,0.553673,-nan
3.21429,0.568776,-nan
3.21429,0.583878,-nan
3.21429,0.59898,-nan
3.21429,0.614082,-nan
3.21429,0.629184,-nan
3.21429,0.644286,-nan
3.21429,0.659388,-nan
3.21429,0.67449,-nan
3.21429,0.689592,-nan
3.21429,0.704694,-nan
3.21429,0.719796,-nan
3.21429,0.734898,-nan
3.21429,0.75,-nan
3.40816,0.01,-299006
3.40816,0.025102,-221010
3.40816,0.0402041,-194897
3.40816,0.0553061,-181000
3.40816,0.0704082,-172963
3.40816,0.0855102,-167855
3.40816,0.100612,-165458
3.40816,0.115714,-164983
3.40816,0.130816,-168050
3.40816,0.145918,-174805
3.40816,0.16102,-191518
3.40816,0.176122,-241096
3.40816,0.191224,-1.43164e+06
3.40816,0.206327,-nan
3.40816,0.221429,-nan
3.40816,0.236531,-nan
3.40816,0.251633,-nan
3.40816,0.266735,-nan
3.40816,0.281837,-nan
3.40816,0.296939,-nan
3.40816,0.312041,-nan
3.40816,0.327143,-nan
3.40816,0.342245,-nan
3.40816,0.357347,-nan
3.40816,0.372449,-nan
3.40816,0.387551,-nan
3.40816,0.402653,-nan
3.40816,0.417755,-nan
3.40816,0.432857,-nan
3.40816,0.447959,-nan
3.40816,0.463061,-nan
3.40816,0.478163,-nan
3.40816,0.493265,-nan
3.40816,0.508367,-nan
3.40816,0.523469,-nan
3.40816,0.538571,-nan
3.40816,0.553673,-nan
3.40816,0.568776,-nan
3.40816,0.583878,-nan
3.40816,0.59898,-nan
3.40816,0.614082,-nan
3.40816,0.629184,-nan
3.40816,0.644286,-nan
3.40816,0.659388,-nan
3.40816,0.67449,-nan
3.40816,0.689592,-nan
3.40816,0.704694,-nan
3.40816,0.719796,-nan
3.40816,0.734898,-nan
3.40816,0.75,-nan
3.60204,0.01,-313237
3.60204,0.025102,-234777
3.60204,0.0402041,-207595
3.60204,0.0553061,-192534
3.60204,0.0704082,-183272
3.60204,0.0855102,-176996
3.60204,0.100612,-173139
3.60204,0.115714,-170680
3.60204,0.130816,-170357
3.60204,0.145918,-170638
3.60204,0.16102,-173181
3.60204,0.176122,-177790
3.60204,0.191224,-186796
3.60204,0.206327,-204075
3.60204,0.221429,-253284
3.60204,0.236531,-nan
3.60204,0.251633,-nan
3.60204,0.266735,-nan
3.60204,0.281837,-nan
3.60204,0.296939,-nan
3.60204,0.312041,-nan
3.60204,0.327143,-nan
3.60204,0.342245,-nan
3.60204,0.357347,-nan
3.60204,0.372449,-nan
3.60204,0.387551,-nan
3.60204,0.402653,-nan
3.60204,0.417755,-nan
3.60204,0.432857,-nan
3.60204,0.447959,-nan
3.60204,0.463061,-nan
3.60204,0.478163,-nan
3.60204,0.493265,-nan
3.60204,0.508367,-nan
3.60204,0.523469,-nan
3.60204,0.538571,-nan
3.60204,0.553673,-nan
3.60204,0.568776,-nan
3.60204,0.583878,-nan
3.60204,0.59898,-nan
3.60204,0.614082,-nan
3.60204,0.629184,-nan
3.60204,0.644286,-nan
3.60204,0.659388,-nan
3.60204,0.67449,-nan
3.60204,0.689592,-nan
3.60204,0.704694,-nan
3.60204,0.719796,-nan
3.60204,0.734898,-nan
3.60204,0.75,-nan
3.79592,0.01,-328977
3.79592,0.025102,-248864
3.79592,0.0402041,-219460
3.79592,0.0553061,-203512
3.79592,0.0704082,-193046
3.79592,0.0855102,-185942
3.79592,0.100612,-181307
3.79592,0.115714,-178020
3.79592,0.130816,-176767
3.79592,0.145918,-177580
3.79592,0.16102,-nan
3.79592,0.176122,-nan
3.79592,0.191224,-nan
3.79592,0.206327,-nan
3.79592,0.221429,-nan
3.79592,0.236531,-nan
3.79592,0.251633,-nan
3.79592,0.266735,-nan
3.79592,0.281837,-nan
3.79592,0.296939,-nan
3.79592,0.312041,-nan
3.79592,0.327143,-nan
3.79592,0.342245,-nan
3.79592,0.357347,-nan
3.79592,0.372449,-nan
3.79592,0.387551,-nan
3.79592,0.402653,-nan
3.79592,0.417755,-nan
3.79592,0.432857,-nan
3.79592,0.447959,-nan
3.79592,0.463061,-nan
3.79592,0.478163,-nan
3.79592,0.493265,-nan
3.79592,0.508367,-nan
3.79592,0.523469,-nan
3.79592,0.538571,-nan
3.79592,0.553673,-nan
3.79592,0.568776,-nan
3.79592,0.583878,-nan
3.79592,0.59898,-nan
3.79592,0.614082,-nan
3.79592,0.629184,-nan
3.79592,0.644286,-nan
3.79592,0.659388,-nan
3.79592,0.67449,-nan
3.79592,0.689592,-nan
3.79592,0.704694,-nan
3.79592,0.719796,-nan
3.79592,0.734898,-nan
3.79592,0.75,-nan
3.9898,0.01,-344556
3.9898,0.025102,-262831
3.9898,0.0402041,-231466
3.9898,0.0553061,-213557
3.9898,0.0704082,-203068
3.9898,0.0855102,-nan
3.9898,0.100612,-nan
3.9898,0.115714,-nan
3.9898,0.130816,-nan
3.9898,0.145918,-nan
3.9898,0.16102,-nan
3.9898,0.176122,-nan
3.9898,0.191224,-nan
3.9898,0.206327,-nan
3.9898,0.221429,-nan
3.9898,0.236531,-nan
3.9898,0.251633,-nan
3.9898,0.266735,-nan
3.9898,0.281837,-nan
3.9898,0.296939,-nan
3.9898,0.312041,-nan
3.9898,0.327143,-nan
3.9898,0.342245,-nan
3.9898,0.357347,-nan
3.9898,0.372449,-nan
3.9898,0.387551,-nan
3.9898,0.402653,-nan
3.9898,0.417755,-nan
3.9898,0.432857,-nan
3.9898,0.447959,-nan
3.9898,0.463061,-nan
3.9898,0.478163,-nan
3.9898,0.493265,-nan
3.9898,0.508367,-nan
3.9898,0.523469,-nan
3.9898,0.538571,-nan
3.9898,0.553673,-nan
3.9898,0.568776,-nan
3.9898,0.583878,-nan
3.9898,0.59898,-nan
3.9898,0.614082,-nan
3.9898,0.629184,-nan
3.9898,0.644286,-nan
3.9898,0.659388,-nan
3.9898,0.67449,-nan
3.9898,0.689592,-nan
3.9898,0.704694,-nan
3.9898,0.719796,-nan
3.9898,0.734898,-nan
3.9898,0.75,-nan
4.18367,0.01,-358911
4.18367,0.025102,-275972
4.18367,0.0402041,-243171
4.18367,0.0553061,-224166
4.18367,0.0704082,-211200
4.18367,0.0855102,-201900
4.18367,0.100612,-195410
4.18367,0.115714,-189722
4.18367,0.130816,-186008
4.18367,0.145918,-182016
4.18367,0.16102,-179482
4.18367,0.176122,-177110
4.18367,0.191224,-175404
4.18367,0.206327,-174036
4.18367,0.221429,-173399
4.18367,0.236531,-173133
4.18367,0.251633,-172898
4.18367,0.266735,-171899
4.18367,0.281837,-174251
4.18367,0.296939,-176940
4.18367,0.312041,-174404
4.18367,0.327143,-178666
4.18367,0.342245,-179370
4.18367,0.357347,-189206
4.18367,0.372449,-191036
4.18367,0.387551,-213647
4.18367,0.402653,-345560
4.18367,0.417755,-nan
4.18367,0.432857,-nan
4.18367,0.447959,-nan
4.18367,0.463061,-nan
4.18367,0.478163,-nan
4.18367,0.493265,-nan
4.18367,0.508367,-nan
4.18367,0.523469,-nan
4.18367,0.538571,-nan
4.18367,0.553673,-nan
4.18367,0.568776,-nan
4.18367,0.583878,-nan
4.18367,0.59898,-nan
4.18367,0.614082,-nan
4.18367,0.629184,-nan
4.18367,0.644286,-nan
4.18367,0.659388,-nan
4.18367,0.67449,-nan
4.18367,0.689592,-nan
4.18367,0.704694,-nan
4.18367,0.719796,-nan
4.18367,0.734898,-nan
4.18367,0.75,-nan
4.37755,0.01,-370434
4.37755,0.025102,-286793
4.37755,0.0402041,-253063
4.37755,0.0553061,-233141
4.37755,0.0704082,-219806
4.37755,0.0855102,-209561
4.37755,0.100612,-202246
4.37755,0.115714,-196126
4.37755,0.130816,-192219
4.37755,0.145918,-189845
4.37755,0.16102,-nan
4.37755,0.176122,-nan
4.37755,0.191224,-nan
4.37755,0.206327,-nan
4.37755,0.221429,-nan
4.37755,0.236531,-nan
4.37755,0.251633,-nan
4.37755,0.266735,-nan
4.37755,0.281837,-nan
4.37755,0.296939,-nan
4.37755,0.312041,-nan
4.37755,0.327143,-nan
4.37755,0.342245,-nan
4.37755,0.357347,-nan
4.37755,0.372449,-nan
4.37755,0.387551,-nan
4.37755,0.402653,-nan
4.37755,0.417755,-nan
4.37755,0.432857,-nan
4.37755,0.447959,-nan
4.37755,0.463061,-nan
4.37755,0.478163,-nan
4.37755,0.493265,-nan
4.37755,0.508367,-nan
4.37755,0.523469,-nan
4.37755,0.538571,-nan
4.37755,0.553673,-nan
4.37755,0.568776,-nan
4.37755,0.583878,-nan
4.37755,0.59898,-nan
4.37755,0.614082,-nan
4.37755,0.629184,-nan
4.37755,0.644286,-nan
4.37755,0.659388,-nan
4.37755,0.67449,-nan
4.37755,0.689592,-nan
4.37755,0.704694,-nan
4.37755,0.719796,-nan
4.37755,0.734898,-nan
4.37755,0.75,-nan
4.57143,0.01,-381431
4.57143,0.025102,-295431
4.57143,0.0402041,-260302
4.57143,0.0553061,-239549
4.57143,0.0704082,-225672
4.57143,0.0855102,-214844
4.57143,0.100612,-207100
4.57143,0.115714,-200556
4.57143,0.130816,-195590
4.57143,0.145918,-190995
4.57143,0.16102,-187411
4.57143,0.176122,-183654
4.57143,0.191224,-180688
4.57143,0.206327,-178372
4.57143,0.221429,-176440
4.57143,0.236531,-175374
4.57143,0.251633,-173339
4.57143,0.266735,-171046
4.57143,0.281837,-171698
4.57143,0.296939,-172299
4.57143,0.312041,-169187
4.57143,0.327143,-168525
4.57143,0.342245,-167091
4.57143,0.357347,-169607
4.57143,0.372449,-165570
4.57143,0.387551,-169959
4.57143,0.402653,-165078
4.57143,0.417755,-nan
4.57143,0.432857,-nan
4.57143,0.447959,-nan
4.57143,0.463061,-nan
4.57143,0.478163,-nan
4.57143,0.493265,-nan
4.57143,0.508367,-nan
4.57143,0.523469,-nan
4.57143,0.538571,-nan
4.57143,0.553673,-nan
4.57143,0.568776,-nan
4.57143,0.583878,-nan
4.57143,0.59898,-nan
4.57143,0.614082,-nan
4.57143,0.629184,-nan
4.57143,0.644286,-nan
4.57143,0.659388,-nan
4.57143,0.67449,-nan
4.57143,0.689592,-nan
4.57143,0.704694,-nan
4.57143,0.719796,-nan
4.57143,0.734898,-nan
4.57143,0.75,-nan
4.76531,0.01,-394020
4.76531,0.025102,-304711
4.76531,0.0402041,-268261
4.76531,0.0553061,-246493
4.76531,0.0704082,-231752
4.76531,0.0855102,-220550
4.76531,0.100612,-212371
4.76531,0.115714,-205244
4.76531,0.130816,-200025
4.76531,0.145918,-194750
4.76531,0.16102,-190907
4.76531,0.176122,-186913
4.76531,0.191224,-185270
4.76531,0.206327,-nan
4.76531,0.221429,-nan
4.76531,0.236531,-nan
4.76531,0.251633,-nan
4.76531,0.266735,-nan
4.76531,0.281837,-nan
4.76531,0.296939,-nan
4.76531,0.312041,-nan
4.76531,0.327143,-nan
4.76531,0.342245,-nan
4.76531,0.357347,-nan
4.76531,0.372449,-nan
4.76531,0.387551,-nan
4.76531,0.402653,-nan
4.76531,0.417755,-nan
4.76531,0.432857,-nan
4.76531,0.447959,-nan
4.76531,0.463061,-nan
4.76531,0.478163,-nan
4.76531,0.493265,-nan
4.76531,0.508367,-nan
4.76531,0.523469,-nan
4.76531,0.538571,-nan
4.76531,0.553673,-nan
4.76531,0.568776,-nan
4.76531,0.583878,-nan
4.76531,0.59898,-nan
4.76531,0.614082,-nan
4.76531,0.629184,-nan
4.76531,0.644286,-nan
4.76531,0.659388,-nan
4.76531,0.67449,-nan
4.76531,0.689592,-nan
4.76531,0.704694,-nan
4.76531,0.719796,-nan
4.76531,0.734898,-nan
4.76531,0.75,-nan
4.95918,0.01,-407731
4.95918,0.025102,-315962
4.95918,0.0402041,-278169
4.95918,0.0553061,-255422
4.95918,0.0704082,-240024
4.95918,0.0855102,-228488
4.95918,0.100612,-nan
4.95918,0.115714,-nan
4.95918,0.130816,-nan
4.95918,0.145918,-nan
4.95918,0.16102,-nan
4.95918,0.176122,-nan
4.95918,0.191224,-nan
4.95918,0.206327,-nan
4.95918,0.221429,-nan
4.95918,0.236531,-nan
4.95918,0.251633,-nan
4.95918,0.266735,-nan
4.95918,0.281837,-nan
4.95918,0.296939,-nan
4.95918,0.312041,-nan
4.95918,0.327143,-nan
4.95918,0.342245,-nan
4.95918,0.357347,-nan
4.95918,0.372449,-nan
4.95918,0.387551,-nan
4.95918,0.402653,-nan
4.95918,0.417755,-nan
4.95918,0.432857,-nan
4.95918,0.447959,-nan
4.95918,0.463061,-nan
4.95918,0.478163,-nan
4.95918,0.493265,-nan
4.95918,0.508367,-nan
4.95918,0.523469,-nan
4.95918,0.538571,-nan
4.95918,0.553673,-nan
4.95918,0.568776,-nan
4.95918,0.583878,-nan
4.95918,0.59898,-nan
4.95918,0.614082,-nan
4.95918,0.629184,-nan
4.95918,0.644286,-nan
4.95918,0.659388,-nan
4.95918,0.67449,-nan
4.95918,0.689592,-nan
4.95918,0.704694,-nan
4.95918,0.719796,-nan
4.95918,0.734898,-nan
4.95918,0.75,-nan
5.15306,0.01,-421678
5.15306,0.025102,-327362
5.15306,0.0402041,-288391
5.15306,0.0553061,-nan
5.15306,0.0704082,-nan
5.15306,0.0855102,-nan
5.15306,0.100612,-nan
5.15306,0.115714,-nan
5.15306,0.130816,-nan
5.15306,0.145918,-nan
5.15306,0.16102,-nan
5.15306,0.176122,-nan
5.15306,0.191224,-nan
5.15306,0.206327,-nan
5.15306,0.221429,-nan
5.15306,0.236531,-nan
5.15306,0.251633,-nan
5.15306,0.266735,-nan
5.15306,0.281837,-nan
5.15306,0.296939,-nan
5.15306,0.312041,-nan
5.15306,0.327143,-nan
5.15306,0.342245,-nan
5.15306,0.357347,-nan
5.15306,0.372449,-nan
5.15306,0.387551,-nan
5.15306,0.402653,-nan
5.15306,0.417755,-nan
5.15306,0.432857,-nan
5.15306,0.447959,-nan
5.15306,0.463061,-nan
5.15306,0.478163,-nan
5.15306,0.493265,-nan
5.15306,0.508367,-nan
5.15306,0.523469,-nan
5.15306,0.538571,-nan
5.15306,0.553673,-nan
5.15306,0.568776,-nan
5.15306,0.583878,-nan
5.15306,0.59898,-nan
5.15306,0.614082,-nan
5.15306,0.629184,-nan
5.15306,0.644286,-nan
5.15306,0.659388,-nan
5.15306,0.67449,-nan
5.15306,0.689592,-nan
5.15306,0.704694,-nan
5.15306,0.719796,-nan
5.15306,0.734898,-nan
5.15306,0.75,-nan
5.34694,0.01,-436164
5.34694,0.025102,-339507
5.34694,0.0402041,-nan
5.34694,0.0553061,-nan
5.34694,0.0704082,-nan
5.34694,0.0855102,-nan
5.34694,0.100612,-nan
5.34694,0.115714,-nan
5.34694,0.130816,-nan
5.34694,0.145918,-nan
5.34694,0.16102,-nan
5.34694,0.176122,-nan
5.34694,0.191224,-nan
5.34694,0.206327,-nan
5.34694,0.221429,-nan
5.34694,0.236531,-nan
5.34694,0.251633,-nan
5.34694,0.266735,-nan
5.34694,0.281837,-nan
5.34694,0.296939,-nan
5.34694,0.312041,-nan
5.34694,0.327143,-nan
5.34694,0.342245,-nan
5.34694,0.357347,-nan
5.34694,0.372449,-nan
5.34694,0.387551,-nan
5.34694,0.402653,-nan
5.34694,0.417755,-nan
5.34694,0.432857,-nan
5.34694,0.447959,-nan
5.34694,0.463061,-nan
5.34694,0.478163,-nan
5.34694,0.493265,-nan
5.34694,0.508367,-nan
5.34694,0.523469,-nan
5.34694,0.538571,-nan
5.34694,0.553673,-nan
5.34694,0.568776,-nan
5.34694,0.583878,-nan
5.34694,0.59898,-nan
5.34694,0.614082,-nan
5.34694,0.629184,-nan
5.34694,0.644286,-nan
5.34694,0.659388,-nan
5.34694,0.67449,-nan
5.34694,0.689592,-nan
5.34694,0.704694,-nan
5.34694,0.719796,-nan
5.34694,0.734898,-nan
5.34694,0.75,-nan
5.54082,0.01,-449370
5.54082,0.025102,-350990
5.54082,0.0402041,-309819
5.54082,0.0553061,-285333
5.54082,0.0704082,-268230
5.54082,0.0855102,-255283
5.54082,0.100612,-245402
5.54082,0.115714,-236982
5.54082,0.130816,-230853
5.54082,0.145918,-224361
5.54082,0.16102,-219340
5.54082,0.176122,-214125
5.54082,0.191224,-209863
5.54082,0.206327,-205967
5.54082,0.221429,-203236
5.54082,0.236531,-200803
5.54082,0.251633,-197053
5.54082,0.266735,-193850
5.54082,0.281837,-194542
5.54082,0.296939,-nan
5.54082,0.312041,-nan
5.54082,0.327143,-nan
5.54082,0.342245,-nan
5.54082,0.357347,-nan
5.54082,0.372449,-nan
5.54082,0.387551,-nan
5.54082,0.402653,-nan
5.54082,0.417755,-nan
5.54082,0.432857,-nan
5.54082,0.447959,-nan
5.54082,0.463061,-nan
5.54082,0.478163,-nan
5.54082,0.493265,-nan
5.54082,0.508367,-nan
5.54082,0.523469,-nan
5.54082,0.538571,-nan
5.54082,0.553673,-nan
5.54082,0.568776,-nan
5.54082,0.583878,-nan
5.54082,0.59898,-nan
5.54082,0.614082,-nan
5.54082,0.629184,-nan
5.54082,0.644286,-nan
5.54082,0.659388,-nan
5.54082,0.67449,-nan
5.54082,0.689592,-nan
5.54082,0.704694,-nan
5.54082,0.719796,-nan
5.54082,0.734898,-nan
5.54082,0.75,-nan
5.73469,0.01,-463423
5.73469,0.025102,-362893
5.73469,0.0402041,-320765
5.73469,0.0553061,-295960
5.73469,0.0704082,-278331
5.73469,0.0855102,-264713
5.73469,0.100612,-254539
5.73469,0.115714,-245820
5.73469,0.130816,-239162
5.73469,0.145918,-232362
5.73469,0.16102,-226547
5.73469,0.176122,-nan
5.73469,0.191224,-nan
5.73469,0.206327,-nan
5.73469,0.221429,-nan
5.73469,0.236531,-nan
5.73469,0.251633,-nan
5.73469,0.266735,-nan
5.73469,0.281837,-nan
5.73469,0.296939,-nan
5.73469,0.312041,-nan
5.73469,0.327143,-nan
5.73469,0.342245,-nan
5.73469,0.357347,-nan
5.73469,0.372449,-nan
5.73469,0.387551,-nan
5.73469,0.402653,-nan
5.73469,0.417755,-nan
5.73469,0.432857,-nan
5.73469,0.447959,-nan
5.73469,0.463061,-nan
5.73469,0.478163,-nan
5.73469,0.493265,-nan
5.73469,0.508367,-nan
5.73469,0.523469,-nan
5.73469,0.538571,-nan
5.73469,0.553673,-nan
5.73469,0.568776,-nan
5.73469,0.583878,-nan
5.73469,0.59898,-nan
5.73469,0.614082,-nan
5.73469,0.629184,-nan
5.73469,0.644286,-nan
5.73469,0.659388,-nan
5.73469,0.67449,-nan
5.73469,0.689592,-nan
5.73469,0.704694,-nan
5.73469,0.719796,-nan
5.73469,0.734898,-nan
5.73469,0.75,-nan
5.92857,0.01,-476754
5.92857,0.025102,-375290
5.92857,0.0402041,-332356
5.92857,0.0553061,-307048
5.92857,0.0704082,-289097
5.92857,0.0855102,-275005
5.92857,0.100612,-264694
5.92857,0.115714,-nan
5.92857,0.130816,-nan
5.92857,0.145918,-nan
5.92857,0.16102,-nan
5.92857,0.176122,-nan
5.92857,0.191224,-nan
5.92857,0.206327,-nan
5.92857,0.221429,-nan
5.92857,0.236531,-nan
5.92857,0.251633,-nan
5.92857,0.266735,-nan
5.92857,0.281837,-nan
5.92857,0.296939,-nan
5.92857,0.312041,-nan
5.92857,0.327143,-nan
5.92857,0.342245,-nan
5.92857,0.357347,-nan
5.92857,0.372449,-nan
5.92857,0.387551,-nan
5.92857,0.402653,-nan
5.92857,0.417755,-nan
5.92857,0.432857,-nan
5.92857,0.447959,-nan
5.92857,0.463061,-nan
5.92857,0.478163,-nan
5.92857,0.493265,-nan
5.92857,0.508367,-nan
5.92857,0.523469,-nan
5.92857,0.538571,-nan
5.92857,0.553673,-nan
5.92857,0.568776,-nan
5.92857,0.583878,-nan
5.92857,0.59898,-nan
5.92857,0.614082,-nan
5.92857,0.629184,-nan
5.92857,0.644286,-nan
5.92857,0.659388,-nan
5.92857,0.67449,-nan
5.92857,0.689592,-nan
5.92857,0.704694,-nan
5.92857,0.719796,-nan
5.92857,0.734898,-nan
5.92857,0.75,-nan
6.12245,0.01,-489336
6.12245,0.025102,-387028
6.12245,0.0402041,-344069
6.12245,0.0553061,-318558
6.12245,0.0704082,-299599
6.12245,0.0855102,-285234
6.12245,0.100612,-274577
6.12245,0.115714,-265025
6.12245,0.130816,-258109
6.12245,0.145918,-250468
6.12245,0.16102,-244463
6.12245,0.176122,-238616
6.12245,0.191224,-233775
6.12245,0.206327,-229226
6.12245,0.221429,-226000
6.12245,0.236531,-223726
6.12245,0.251633,-218961
6.12245,0.266735,-214197
6.12245,0.281837,-215076
6.12245,0.296939,-214091
6.12245,0.312041,-206137
6.12245,0.327143,-205519
6.12245,0.342245,-202196
6.12245,0.357347,-206309
6.12245,0.372449,-198118
6.12245,0.387551,-201869
6.12245,0.402653,-193619
6.12245,0.417755,-199565
6.12245,0.432857,-190443
6.12245,0.447959,-195193
6.12245,0.463061,-191670
6.12245,0.478163,-nan
6.12245,0.493265,-nan
6.12245,0.508367,-nan
6.12245,0.523469,-nan
6.12245,0.538571,-nan
6.12245,0.553673,-nan
6.12245,0.568776,-nan
6.12245,0.583878,-nan
6.12245,0.59898,-nan
6.12245,0.614082,-nan
6.12245,0.629184,-nan
6.12245,0.644286,-nan
6.12245,0.659388,-nan
6.12245,0.67449,-nan
6.12245,0.689592,-nan
6.12245,0.704694,-nan
6.12245,0.719796,-nan
6.12245,0.734898,-nan
6.12245,0.75,-nan
6.31633,0.01,-502780
6.31633,0.025102,-398918
6.31633,0.0402041,-355100
6.31633,0.0553061,-328749
6.31633,0.0704082,-310106
6.31633,0.0855102,-295194
6.31633,0.100612,-284076
6.31633,0.115714,-274334
6.31633,0.130816,-267221
6.31633,0.145918,-258982
6.31633,0.16102,-252986
6.31633,0.176122,-246983
6.31633,0.191224,-242003
6.31633,0.206327,-237108
6.31633,0.221429,-234144
6.31633,0.236531,-232031
6.31633,0.251633,-226889
6.31633,0.266735,-222250
6.31633,0.281837,-223420
6.31633,0.296939,-220122
6.31633,0.312041,-214851
6.31633,0.327143,-213597
6.31633,0.342245,-209836
6.31633,0.357347,-214647
6.31633,0.372449,-207447
6.31633,0.387551,-211020
6.31633,0.402653,-202159
6.31633,0.417755,-210772
6.31633,0.432857,-201262
6.31633,0.447959,-nan
6.31633,0.463061,-nan
6.31633,0.478163,-nan
6.31633,0.493265,-nan
6.31633,0.508367,-nan
6.31633,0.523469,-nan
6.31633,0.538571,-nan
6.31633,0.553673,-nan
6.31633,0.568776,-nan
6.31633,0.583878,-nan
6.31633,0.59898,-nan
6.31633,0.614082,-nan
6.31633,0.629184,-nan
6.31633,0.644286,-nan
6.31633,0.659388,-nan
6.31633,0.67449,-nan
6.31633,0.689592,-nan
6.31633,0.704694,-nan
6.31633,0.719796,-nan
6.31633,0.734898,-nan
6.31633,0.75,-nan
6.5102,0.01,-516988
6.5102,0.025102,-411567
6.5102,0.0402041,-366798
6.5102,0.0553061,-339680
6.5102,0.0704082,-320875
6.5102,0.0855102,-305496
6.5102,0.100612,-293987
6.5102,0.115714,-283683
6.5102,0.130816,-275926
6.5102,0.145918,-268063
6.5102,0.16102,-261440
6.5102,0.176122,-255362
6.5102,0.191224,-250237
6.5102,0.206327,-245254
6.5102,0.221429,-241798
6.5102,0.236531,-239531
6.5102,0.251633,-234478
6.5102,0.266735,-229274
6.5102,0.281837,-229354
6.5102,0.296939,-229403
6.5102,0.312041,-220523
6.5102,0.327143,-223356
6.5102,0.342245,-215788
6.5102,0.357347,-223298
6.5102,0.372449,-212616
6.5102,0.387551,-221460
6.5102,0.402653,-208454
6.5102,0.417755,-nan
6.5102,0.432857,-nan
6.5102,0.447959,-nan
6.5102,0.463061,-nan
6.5102,0.478163,-nan
6.5102,0.493265,-nan
6.5102,0.508367,-nan
6.5102,0.523469,-nan
6.5102,0.538571,-nan
6.5102,0.553673,-nan
6.5102,0.568776,-nan
6.5102,0.583878,-nan
6.5102,0.59898,-nan
6.5102,0.614082,-nan
6.5102,0.629184,-nan
6.5102,0.644286,-nan
6.5102,0.659388,-nan
6.5102,0.67449,-nan
6.5102,0.689592,-nan
6.5102,0.704694,-nan
6.5102,0.719796,-nan
6.5102,0.734898,-nan
6.5102,0.75,-nan
6.70408,0.01,-531795
6.70408,0.025102,-424633
6.70408,0.0402041,-379507
6.70408,0.0553061,-351851
6.70408,0.0704082,-332221
6.70408,0.0855102,-316235
6.70408,0.100612,-304745
6.70408,0.115714,-294533
6.70408,0.130816,-285887
6.70408,0.145918,-277519
6.70408,0.16102,-271139
6.70408,0.176122,-264300
6.70408,0.191224,-259017
6.70408,0.206327,-254120
6.70408,0.221429,-250833
6.70408,0.236531,-248189
6.70408,0.251633,-242723
6.70408,0.266735,-237177
6.70408,0.281837,-237251
6.70408,0.296939,-236851
6.70408,0.312041,-228028
6.70408,0.327143,-231459
6.70408,0.342245,-223740
6.70408,0.357347,-232615
6.70408,0.372449,-218942
6.70408,0.387551,-227092
6.70408,0.402653,-216718
6.70408,0.417755,-221198
6.70408,0.432857,-nan
6.70408,0.447959,-nan
6.70408,0.463061,-nan
6.70408,0.478163,-nan
6.70408,0.493265,-nan
6.70408,0.508367,-nan
6.70408,0.523469,-nan
6.70408,0.538571,-nan
6.70408,0.553673,-nan
6.70408,0.568776,-nan
6.70408,0.583878,-nan
6.70408,0.59898,-nan
6.70408,0.614082,-nan
6.70408,0.629184,-nan
6.70408,0.644286,-nan
6.70408,0.659388,-nan
6.70408,0.67449,-nan
6.70408,0.689592,-nan
6.70408,0.704694,-nan
6.70408,0.719796,-nan
6.70408,0.734898,-nan
6.70408,0.75,-nan
6.89796,0.01,-547287
6.89796,0.025102,-438483
6.89796,0.0402041,-392439
6.89796,0.0553061,-364349
6.89796,0.0704082,-344098
6.89796,0.0855102,-327711
6.89796,0.100612,-316035
6.89796,0.115714,-305154
6.89796,0.130816,-297061
6.89796,0.145918,-288031
6.89796,0.16102,-281196
6.89796,0.176122,-274314
6.89796,0.191224,-269176
6.89796,0.206327,-263871
6.89796,0.221429,-260120
6.89796,0.236531,-257108
6.89796,0.251633,-252606
6.89796,0.266735,-246439
6.89796,0.281837,-248088
6.89796,0.296939,-245934
6.89796,0.312041,-238115
6.89796,0.327143,-239323
6.89796,0.342245,-233749
6.89796,0.357347,-240551
6.89796,0.372449,-229056
6.89796,0.387551,-235109
6.89796,0.402653,-229400
6.89796,0.417755,-nan
6.89796,0.432857,-nan
6.89796,0.447959,-nan
6.89796,0.463061,-nan
6.89796,0.478163,-nan
6.89796,0.493265,-nan
6.89796,0.508367,-nan
6.89796,0.523469,-nan
6.89796,0.538571,-nan
6.89796,0.553673,-nan
6.89796,0.568776,-nan
6.89796,0.583878,-nan
6.89796,0.59898,-nan
6.89796,0.614082,-nan
6.89796,0.629184,-nan
6.89796,0.644286,-nan
6.89796,0.659388,-nan
6.89796,0.67449,-nan
6.89796,0.689592,-nan
6.89796,0.704694,-nan
6.89796,0.719796,-nan
6.89796,0.734898,-nan
6.89796,0.75,-nan
7.09184,0.01,-562940
7.09184,0.025102,-452767
7.09184,0.0402041,-406142
7.09184,0.0553061,-377320
7.09184,0.0704082,-356724
7.09184,0.0855102,-339275
7.09184,0.100612,-327590
7.09184,0.115714,-316250
7.09184,0.130816,-308103
7.09184,0.145918,-298496
7.09184,0.16102,-291487
7.09184,0.176122,-284237
7.09184,0.191224,-279203
7.09184,0.206327,-273634
7.09184,0.221429,-270233
7.09184,0.236531,-267231
7.09184,0.251633,-261705
7.09184,0.266735,-255530
7.09184,0.281837,-258005
7.09184,0.296939,-257849
7.09184,0.312041,-247937
7.09184,0.327143,-248403
7.09184,0.342245,-242039
7.09184,0.357347,-255095
7.09184,0.372449,-237728
7.09184,0.387551,-nan
7.09184,0.402653,-nan
7.09184,0.417755,-nan
7.09184,0.432857,-nan
7.09184,0.447959,-nan
7.09184,0.463061,-nan
7.09184,0.478163,-nan
7.09184,0.493265,-nan
7.09184,0.508367,-nan
7.09184,0.523469,-nan
7.09184,0.538571,-nan
7.09184,0.553673,-nan
7.09184,0.568776,-nan
7.09184,0.583878,-nan
7.09184,0.59898,-nan
7.09184,0.614082,-nan
7.09184,0.629184,-nan
7.09184,0.644286,-nan
7.09184,0.659388,-nan
7.09184,0.67449,-nan
7.09184,0.689592,-nan
7.09184,0.704694,-nan
7.09184,0.719796,-nan
7.09184,0.734898,-nan
7.09184,0.75,-nan
7.28571,0.01,-577765
7.28571,0.025102,-467091
7.28571,0.0402041,-419210
7.28571,0.0553061,-389863
7.28571,0.0704082,-368624
7.28571,0.0855102,-351666
7.28571,0.100612,-338568
7.28571,0.115714,-327125
7.28571,0.130816,-318103
7.28571,0.145918,-309291
7.28571,0.16102,-301517
7.28571,0.176122,-294223
7.28571,0.191224,-288765
7.28571,0.206327,-283286
7.28571,0.221429,-278780
7.28571,0.236531,-276184
7.28571,0.251633,-271007
7.28571,0.266735,-264102
7.28571,0.281837,-266364
7.28571,0.296939,-267513
7.28571,0.312041,-254278
7.28571,0.327143,-256778
7.28571,0.342245,-250399
7.28571,0.357347,-283966
7.28571,0.372449,-nan
7.28571,0.387551,-nan
7.28571,0.402653,-nan
7.28571,0.417755,-nan
7.28571,0.432857,-nan
7.28571,0.447959,-nan
7.28571,0.463061,-nan
7.28571,0.478163,-nan
7.28571,0.493265,-nan
7.28571,0.508367,-nan
7.28571,0.523469,-nan
7.28571,0.538571,-nan
7.28571,0.553673,-nan
7.28571,0.568776,-nan
7.28571,0.583878,-nan
7.28571,0.59898,-nan
7.28571,0.614082,-nan
7.28571,0.629184,-nan
7.28571,0.644286,-nan
7.28571,0.659388,-nan
7.28571,0.67449,-nan
7.28571,0.689592,-nan
7.28571,0.704694,-nan
7.28571,0.719796,-nan
7.28571,0.734898,-nan
7.28571,0.75,-nan
7.47959,0.01,-593393
7.47959,0.025102,-481438
7.47959,0.0402041,-432680
7.47959,0.0553061,-402023
7.47959,0.0704082,-380584
7.47959,0.0855102,-362573
7.47959,0.100612,-349820
7.47959,0.115714,-337705
7.47959,0.130816,-329034
7.47959,0.145918,-318596
7.47959,0.16102,-311648
7.47959,0.176122,-304158
7.47959,0.191224,-298269
7.47959,0.206327,-292640
7.47959,0.221429,-288431
7.47959,0.236531,-287055
7.47959,0.251633,-280608
7.47959,0.266735,-273046
7.47959,0.281837,-277635
7.47959,0.296939,-278379
7.47959,0.312041,-268959
7.47959,0.327143,-270472
7.47959,0.342245,-258479
7.47959,0.357347,-nan
7.47959,0.372449,-nan
7.47959,0.387551,-nan
7.47959,0.402653,-nan
7.47959,0.417755,-nan
7.47959,0.432857,-nan
7.47959,0.447959,-nan
7.47959,0.463061,-nan
7.47959,0.478163,-nan
7.47959,0.493265,-nan
7.47959,0.508367,-nan
7.47959,0.523469,-nan
7.47959,0.538571,-nan
7.47959,0.553673,-nan
7.47959,0.568776,-nan
7.47959,0.583878,-nan
7.47959,0.59898,-nan
7.47959,0.614082,-nan
7.47959,0.629184,-nan
7.47959,0.644286,-nan
7.47959,0.659388,-nan
7.47959,0.67449,-nan
7.47959,0.689592,-nan
7.47959,0.704694,-nan
7.47959,0.719796,-nan
7.47959,0.734898,-nan
7.47959,0.75,-nan
7.67347,0.01,-607586
7.67347,0.025102,-495019
7.67347,0.0402041,-445952
7.67347,0.0553061,-414819
7.67347,0.0704082,-392305
7.67347,0.0855102,-373546
7.67347,0.100612,-360872
7.67347,0.115714,-348838
7.67347,0.130816,-339125
7.67347,0.145918,-328960
7.67347,0.16102,-322702
7.67347,0.176122,-314078
7.67347,0.191224,-307724
7.67347,0.206327,-302159
7.67347,0.221429,-299734
7.67347,0.236531,-296108
7.67347,0.251633,-290857
7.67347,0.266735,-283100
7.67347,0.281837,-287505
7.67347,0.296939,-290674
7.67347,0.312041,-275129
7.67347,0.327143,-280852
7.67347,0.342245,-278509
7.67347,0.357347,-nan
7.67347,0.372449,-nan
7.67347,0.387551,-nan
7.67347,0.402653,-nan
7.67347,0.417755,-nan
7.67347,0.432857,-nan
7.67347,0.447959,-nan
7.67347,0.463061,-nan
7.67347,0.478163,-nan
7.67347,0.493265,-nan
7.67347,0.508367,-nan
7.67347,0.523469,-nan
7.67347,0.538571,-nan
7.67347,0.553673,-nan
7.67347,0.568776,-nan
7.67347,0.583878,-nan
7.67347,0.59898,-nan
7.67347,0.614082,-nan
7.67347,0.629184,-nan
7.67347,0.644286,-nan
7.67347,0.659388,-nan
7.67347,0.67449,-nan
7.67347,0.689592,-nan
7.67347,0.704694,-nan
7.67347,0.719796,-nan
7.67347,0.734898,-nan
7.67347,0.75,-nan
7.86735,0.01,-622240
7.86735,0.025102,-508993
7.86735,0.0402041,-458792
7.86735,0.0553061,-427341
7.86735,0.0704082,-404225
7.86735,0.0855102,-385626
7.86735,0.100612,-372350
7.86735,0.115714,-358886
7.86735,0.130816,-349302
7.86735,0.145918,-339521
7.86735,0.16102,-332039
7.86735,0.176122,-323596
7.86735,0.191224,-317728
7.86735,0.206327,-311952
7.86735,0.221429,-308230
7.86735,0.236531,-306073
7.86735,0.251633,-298917
7.86735,0.266735,-291385
7.86735,0.281837,-301243
7.86735,0.296939,-299403
7.86735,0.312041,-288578
7.86735,0.327143,-nan
7.86735,0.342245,-nan
7.86735,0.357347,-nan
7.86735,0.372449,-nan
7.86735,0.387551,-nan
7.86735,0.402653,-nan
7.86735,0.417755,-nan
7.86735,0.432857,-nan
7.86735,0.447959,-nan
7.86735,0.463061,-nan
7.86735,0.478163,-nan
7.86735,0.493265,-nan
7.86735,0.508367,-nan
7.86735,0.523469,-nan
7.86735,0.538571,-nan
7.86735,0.553673,-nan
7.86735,0.568776,-nan
7.86735,0.583878,-nan
7.86735,0.59898,-nan
7.86735,0.614082,-nan
7.86735,0.629184,-nan
7.86735,0.644286,-nan
7.86735,0.659388,-nan
7.86735,0.67449,-nan
7.86735,0.689592,-nan
7.86735,0.704694,-nan
7.86735,0.719796,-nan
7.86735,0.734898,-nan
7.86735,0.75,-nan
8.06122,0.01,-636795
8.06122,0.025102,-522391
8.06122,0.0402041,-471266
8.06122,0.0553061,-439248
8.06122,0.0704082,-415353
8.06122,0.0855102,-396244
8.06122,0.100612,-382443
8.06122,0.115714,-369797
8.06122,0.130816,-359359
8.06122,0.145918,-348906
8.06122,0.16102,-340368
8.06122,0.176122,-333150
8.06122,0.191224,-327819
8.06122,0.206327,-321681
8.06122,0.221429,-318114
8.06122,0.236531,-315346
8.06122,0.251633,-308556
8.06122,0.266735,-299983
8.06122,0.281837,-308426
8.06122,0.296939,-310047
8.06122,0.312041,-377523
8.06122,0.327143,-nan
8.06122,0.342245,-nan
8.06122,0.357347,-nan
8.06122,0.372449,-nan
8.06122,0.387551,-nan
8.06122,0.402653,-nan
8.06122,0.417755,-nan
8.06122,0.432857,-nan
8.06122,0.447959,-nan
8.06122,0.463061,-nan
8.06122,0.478163,-nan
8.06122,0.493265,-nan
8.06122,0.508367,-nan
8.06122,0.523469,-nan
8.06122,0.538571,-nan
8.06122,0.553673,-nan
8.06122,0.568776,-nan
8.06122,0.583878,-nan
8.06122,0.59898,-nan
8.06122,0.614082,-nan
8.06122,0.629184,-nan
8.06122,0.644286,-nan
8.06122,0.659388,-nan
8.06122,0.67449,-nan
8.06122,0.689592,-nan
8.06122,0.704694,-nan
8.06122,0.719796,-nan
8.06122,0.734898,-nan
8.06122,0.75,-nan
8.2551,0.01,-650187
8.2551,0.025102,-535543
8.2551,0.0402041,-483720
8.2551,0.0553061,-451662
8.2551,0.0704082,-426855
8.2551,0.0855102,-407056
8.2551,0.100612,-393618
8.2551,0.115714,-380166
8.2551,0.130816,-370229
8.2551,0.145918,-360329
8.2551,0.16102,-350916
8.2551,0.176122,-343093
8.2551,0.191224,-336661
8.2551,0.206327,-330774
8.2551,0.221429,-327132
8.2551,0.236531,-327794
8.2551,0.251633,-318525
8.2551,0.266735,-309072
8.2551,0.281837,-321215
8.2551,0.296939,-399588
8.2551,0.312041,-nan
8.2551,0.327143,-nan
8.2551,0.342245,-nan
8.2551,0.357347,-nan
8.2551,0.372449,-nan
8.2551,0.387551,-nan
8.2551,0.402653,-nan
8.2551,0.417755,-nan
8.2551,0.432857,-nan
8.2551,0.447959,-nan
8.2551,0.463061,-nan
8.2551,0.478163,-nan
8.2551,0.493265,-nan
8.2551,0.508367,-nan
8.2551,0.523469,-nan
8.2551,0.538571,-nan
8.2551,0.553673,-nan
8.2551,0.568776,-nan
8.2551,0.583878,-nan
8.2551,0.59898,-nan
8.2551,0.614082,-nan
8.2551,0.629184,-nan
8.2551,0.644286,-nan
8.2551,0.659388,-nan
8.2551,0.67449,-nan
8.2551,0.689592,-nan
8.2551,0.704694,-nan
8.2551,0.719796,-nan
8.2551,0.734898,-nan
8.2551,0.75,-nan
8.44898,0.01,-664118
8.44898,0.025102,-548494
8.44898,0.0402041,-496133
8.44898,0.0553061,-463202
8.44898,0.0704082,-438316
8.44898,0.0855102,-418314
8.44898,0.100612,-403842
8.44898,0.115714,-390639
8.44898,0.130816,-380328
8.44898,0.145918,-368459
8.44898,0.16102,-361831
8.44898,0.176122,-353051
8.44898,0.191224,-347557
8.44898,0.206327,-339724
8.44898,0.221429,-336169
8.44898,0.236531,-336864
8.44898,0.251633,-330865
8.44898,0.266735,-320032
8.44898,0.281837,-346422
8.44898,0.296939,-nan
8.44898,0.312041,-nan
8.44898,0.327143,-nan
8.44898,0.342245,-nan
8.44898,0.357347,-nan
8.44898,0.372449,-nan
8.44898,0.387551,-nan
8.44898,0.402653,-nan
8.44898,0.417755,-nan
8.44898,0.432857,-nan
8.44898,0.447959,-nan
8.44898,0.463061,-nan
8.44898,0.478163,-nan
8.44898,0.493265,-nan
8.44898,0.508367,-nan
8.44898,0.523469,-nan
8.44898,0.538571,-nan
8.44898,0.553673,-nan
8.44898,0.568776,-nan
8.44898,0.583878,-nan
8.44898,0.59898,-nan
8.44898,0.614082,-nan
8.44898,0.629184,-nan
8.44898,0.644286,-nan
8.44898,0.659388,-nan
8.44898,0.67449,-nan
8.44898,0.689592,-nan
8.44898,0.704694,-nan
8.44898,0.719796,-nan
8.44898,0.734898,-nan
8.44898,0.75,-nan
8.64286,0.01,-676885
8.64286,0.025102,-561436
8.64286,0.0402041,-508584
8.64286,0.0553061,-475611
8.64286,0.0704082,-449586
8.64286,0.0855102,-429080
8.64286,0.100612,-415202
8.64286,0.115714,-400862
8.64286,0.130816,-390891
8.64286,0.145918,-379033
8.64286,0.16102,-372364
8.64286,0.176122,-363150
8.64286,0.191224,-356189
8.64286,0.206327,-348996
8.64286,0.221429,-347199
8.64286,0.236531,-347802
8.64286,0.251633,-338623
8.64286,0.266735,-331335
8.64286,0.281837,-nan
8.64286,0.296939,-nan
8.64286,0.312041,-nan
8.64286,0.327143,-nan
8.64286,0.342245,-nan
8.64286,0.357347,-nan
8.64286,0.372449,-nan
8.64286,0.387551,-nan
8.64286,0.402653,-nan
8.64286,0.417755,-nan
8.64286,0.432857,-nan
8.64286,0.447959,-nan
8.64286,0.463061,-nan
8.64286,0.478163,-nan
8.64286,0.493265,-nan
8.64286,0.508367,-nan
8.64286,0.523469,-nan
8.64286,0.538571,-nan
8.64286,0.553673,-nan
8.64286,0.568776,-nan
8.64286,0.583878,-nan
8.64286,0.59898,-nan
8.64286,0.614082,-nan
8.64286,0.629184,-nan
8.64286,0.644286,-nan
8.64286,0.659388,-nan
8.64286,0.67449,-nan
8.64286,0.689592,-nan
8.64286,0.704694,-nan
8.64286,0.719796,-nan
8.64286,0.734898,-nan
8.64286,0.75,-nan
8.83673,0.01,-690791
8.83673,0.025102,-574264
8.83673,0.0402041,-520872
8.83673,0.0553061,-487248
8.83673,0.0704082,-460863
8.83673,0.0855102,-440965
8.83673,0.100612,-426052
8.83673,0.115714,-411657
8.83673,0.130816,-399989
8.83673,0.145918,-389865
8.83673,0.16102,-382761
8.83673,0.176122,-371765
8.83673,0.191224,-368189
8.83673,0.206327,-360533
8.83673,0.221429,-356185
8.83673,0.236531,-361473
8.83673,0.251633,-353803
8.83673,0.266735,-349089
8.83673,0.281837,-nan
8.83673,0.296939,-nan
8.83673,0.312041,-nan
8.83673,0.327143,-nan
8.83673,0.342245,-nan
8.83673,0.357347,-nan
8.83673,0.372449,-nan
8.83673,0.387551,-nan
8.83673,0.402653,-nan
8.83673,0.417755,-nan
8.83673,0.432857,-nan
8.83673,0.447959,-nan
8.83673,0.463061,-nan
8.83673,0.478163,-nan
8.83673,0.493265,-nan
8.83673,0.508367,-nan
8.83673,0.523469,-nan
8.83673,0.538571,-nan
8.83673,0.553673,-nan
8.83673,0.568776,-nan
8.83673,0.583878,-nan
8.83673,0.59898,-nan
8.83673,0.614082,-nan
8.83673,0.629184,-nan
8.83673,0.644286,-nan
8.83673,0.659388,-nan
8.83673,0.67449,-nan
8.83673,0.689592,-nan
8.83673,0.704694,-nan
8.83673,0.719796,-nan
8.83673,0.734898,-nan
8.83673,0.75,-nan
9.03061,0.01,-703599
9.03061,0.025102,-586710
9.03061,0.0402041,-532676
9.03061,0.0553061,-499004
9.03061,0.0704082,-472278
9.03061,0.0855102,-451962
9.03061,0.100612,-436452
9.03061,0.115714,-422730
9.03061,0.130816,-411209
9.03061,0.145918,-401407
9.03061,0.16102,-393061
9.03061,0.176122,-381918
9.03061,0.191224,-377053
9.03061,0.206327,-368118
9.03061,0.221429,-366807
9.03061,0.236531,-377975
9.03061,0.251633,-417176
9.03061,0.266735,-356436
9.03061,0.281837,-nan
9.03061,0.296939,-nan
9.03061,0.312041,-nan
9.03061,0.327143,-nan
9.03061,0.342245,-nan
9.03061,0.357347,-nan
9.03061,0.372449,-nan
9.03061,0.387551,-nan
9.03061,0.402653,-nan
9.03061,0.417755,-nan
9.03061,0.432857,-nan
9.03061,0.447959,-nan
9.03061,0.463061,-nan
9.03061,0.478163,-nan
9.03061,0.493265,-nan
9.03061,0.508367,-nan
9.03061,0.523469,-nan
9.03061,0.538571,-nan
9.03061,0.553673,-nan
9.03061,0.568776,-nan
9.03061,0.583878,-nan
9.03061,0.59898,-nan
9.03061,0.614082,-nan
9.03061,0.629184,-nan
9.03061,0.644286,-nan
9.03061,0.659388,-nan
9.03061,0.67449,-nan
9.03061,0.689592,-nan
9.03061,0.704694,-nan
9.03061,0.719796,-nan
9.03061,0.734898,-nan
9.03061,0.75,-nan
9.22449,0.01,-715868
9.22449,0.025102,-599587
9.22449,0.0402041,-544833
9.22449,0.0553061,-510279
9.22449,0.0704082,-484362
9.22449,0.0855102,-463102
9.22449,0.100612,-447132
9.22449,0.115714,-433065
9.22449,0.130816,-421927
9.22449,0.145918,-410732
9.22449,0.16102,-403458
9.22449,0.176122,-392751
9.22449,0.191224,-386567
9.22449,0.206327,-378581
9.22449,0.221429,-380466
9.22449,0.236531,-397605
9.22449,0.251633,-416782
9.22449,0.266735,-nan
9.22449,0.281837,-nan
9.22449,0.296939,-nan
9.22449,0.312041,-nan
9.22449,0.327143,-nan
9.22449,0.342245,-nan
9.22449,0.357347,-nan
9.22449,0.372449,-nan
9.22449,0.387551,-nan
9.22449,0.402653,-nan
9.22449,0.417755,-nan
9.22449,0.432857,-nan
9.22449,0.447959,-nan
9.22449,0.463061,-nan
9.22449,0.478163,-nan
9.22449,0.493265,-nan
9.22449,0.508367,-nan
9.22449,0.523469,-nan
9.22449,0.538571,-nan
9.22449,0.553673,-nan
9.22449,0.568776,-nan
9.22449,0.583878,-nan
9.22449,0.59898,-nan
9.22449,0.614082,-nan
9.22449,0.629184,-nan
9.22449,0.644286,-nan
9.22449,0.659388,-nan
9.22449,0.67449,-nan
9.22449,0.689592,-nan
9.22449,0.704694,-nan
9.22449,0.719796,-nan
9.22449,0.734898,-nan
9.22449,0.75,-nan
9.41837,0.01,-728723
9.41837,0.025102,-611361
9.41837,0.0402041,-556768
9.41837,0.0553061,-522511
9.41837,0.0704082,-495024
9.41837,0.0855102,-474202
9.41837,0.100612,-457899
9.41837,0.115714,-443095
9.41837,0.130816,-432175
9.41837,0.145918,-421907
9.41837,0.16102,-413816
9.41837,0.176122,-402235
9.41837,0.191224,-398883
9.41837,0.206327,-389594
9.41837,0.221429,-535478
9.41837,0.236531,-1.36697e+06
9.41837,0.251633,-nan
9.41837,0.266735,-nan
9.41837,0.281837,-nan
9.41837,0.296939,-nan
9.41837,0.312041,-nan
9.41837,0.327143,-nan
9.41837,0.342245,-nan
9.41837,0.357347,-nan
9.41837,0.372449,-nan
9.41837,0.387551,-nan
9.41837,0.402653,-nan
9.41837,0.417755,-nan
9.41837,0.432857,-nan
9.41837,0.447959,-nan
9.41837,0.463061,-nan
9.41837,0.478163,-nan
9.41837,0.493265,-nan
9.41837,0.508367,-nan
9.41837,0.523469,-nan
9.41837,0.538571,-nan
9.41837,0.553673,-nan
9.41837,0.568776,-nan
9.41837,0.583878,-nan
9.41837,0.59898,-nan
9.41837,0.614082,-nan
9.41837,0.629184,-nan
9.41837,0.644286,-nan
9.41837,0.659388,-nan
9.41837,0.67449,-nan
9.41837,0.689592,-nan
9.41837,0.704694,-nan
9.41837,0.719796,-nan
9.41837,0.734898,-nan
9.41837,0.75,-nan
9.61224,0.01,-740448
9.61224,0.025102,-624496
9.61224,0.0402041,-568648
9.61224,0.0553061,-533204
9.61224,0.0704082,-505825
9.61224,0.0855102,-484538
9.61224,0.100612,-468422
9.61224,0.115714,-454399
9.61224,0.130816,-442738
9.61224,0.145918,-433239
9.61224,0.16102,-425581
9.61224,0.176122,-411703
9.61224,0.191224,-408142
9.61224,0.206327,-400888
9.61224,0.221429,-435467
9.61224,0.236531,-nan
9.61224,0.251633,-nan
9.61224,0.266735,-nan
9.61224,0.281837,-nan
9.61224,0.296939,-nan
9.61224,0.312041,-nan
9.61224,0.327143,-nan
9.61224,0.342245,-nan
9.61224,0.357347,-nan
9.61224,0.372449,-nan
9.61224,0.387551,-nan
9.61224,0.402653,-nan
9.61224,0.417755,-nan
9.61224,0.432857,-nan
9.61224,0.447959,-nan
9.61224,0.463061,-nan
9.61224,0.478163,-nan
9.61224,0.493265,-nan
9.61224,0.508367,-nan
9.61224,0.523469,-nan
9.61224,0.538571,-nan
9.61224,0.553673,-nan
9.61224,0.568776,-nan
9.61224,0.583878,-nan
9.61224,0.59898,-nan
9.61224,0.614082,-nan
9.61224,0.629184,-nan
9.61224,0.644286,-nan
9.61224,0.659388,-nan
9.61224,0.67449,-nan
9.61224,0.689592,-nan
9.61224,0.704694,-nan
9.61224,0.719796,-nan
9.61224,0.734898,-nan
9.61224,0.75,-nan
9.80612,0.01,-752742
9.80612,0.025102,-636193
9.80612,0.0402041,-579634
9.80612,0.0553061,-545172
9.80612,0.0704082,-516394
9.80612,0.0855102,-496199
9.80612,0.100612,-480174
9.80612,0.115714,-463650
9.80612,0.130816,-453875
9.80612,0.145918,-443133
9.80612,0.16102,-436211
9.80612,0.176122,-421421
9.80612,0.191224,-421618
9.80612,0.206327,-421820
9.80612,0.221429,-958553
9.80612,0.236531,-nan
9.80612,0.251633,-nan
9.80612,0.266735,-nan
9.80612,0.281837,-nan
9.80612,0.296939,-nan
9.80612,0.312041,-nan
9.80612,0.327143,-nan
9.80612,0.342245,-nan
9.80612,0.357347,-nan
9.80612,0.372449,-nan
9.80612,0.387551,-nan
9.80612,0.402653,-nan
9.80612,0.417755,-nan
9.80612,0.432857,-nan
9.80612,0.447959,-nan
9.80612,0.463061,-nan
9.80612,0.478163,-nan
9.80612,0.493265,-nan
9.80612,0.508367,-nan
9.80612,0.523469,-nan
9.80612,0.538571,-nan
9.80612,0.553673,-nan
9.80612,0.568776,-nan
9.80612,0.583878,-nan
9.80612,0.59898,-nan
9.80612,0.614082,-nan
9.80612,0.629184,-nan
9.80612,0.644286,-nan
9.80612,0.659388,-nan
9.80612,0.67449,-nan
9.80612,0.689592,-nan
9.80612,0.704694,-nan
9.80612,0.719796,-nan
9.80612,0.734898,-nan
9.80612,0.75,-nan
10,0.01,-764497
10,0.025102,-647983
10,0.0402041,-591919
10,0.0553061,-556377
10,0.0704082,-528074
10,0.0855102,-507604
10,0.100612,-489250
10,0.115714,-474907
10,0.130816,-464977
10,0.145918,-455582
10,0.16102,-451906
10,0.176122,-436455
10,0.191224,-439354
10,0.206327,-nan
10,0.221429,-nan
10,0.236531,-nan
10,0.251633,-nan
10,0.266735,-nan
10,0.281837,-nan
10,0.296939,-nan
10,0.312041,-nan
10,0.327143,-nan
10,0.342245,-nan
10,0.357347,-nan
10,0.372449,-nan
10,0.387551,-nan
10,0.402653,-nan
10,0.417755,-nan
10,0.432857,-nan
10,0.447959,-nan
10,0.463061,-nan
10,0.478163,-nan
10,0.493265,-nan
10,0.508367,-nan
10,0.523469,-nan
10,0.538571,-nan
10,0.553673,-nan
10,0.568776,-nan
10,0.583878,-nan
10,0.59898,-nan
10,0.614082,-nan
10,0.629184,-nan
10,0.644286,-nan
10,0.659388,-nan
10,0.67449,-nan
10,0.689592,-nan
10,0.704694,-nan
10,0.719796,-nan
10,0.734898,-nan
10,0.75,-nan
